Metric,Simulated,Theoretical,% Error
Mean Final Price,108.11280906105922,108.32870676749586,0.19929870195904134
Std Final Price,22.73969215727357,21.88421512605823,3.9091053816076617
